district,sl_no,name,capacity_mva,latitude,longitude,latitude_raw,longitude_raw,coord_flags
SOUTH 24 PARGANAS,1,Baruipur,12.6,22.3748333,88.4245,N22°22.490',E88°25.470',
SOUTH 24 PARGANAS,2,Beliachandi,22.6,22.26796,88.45222,N22.26796°,E88.45222°,
SOUTH 24 PARGANAS,3,Jamtala / Kultali,16.3,22.108516,88.572247,N22.108516,E88.572247,
SOUTH 24 PARGANAS,4,Joynagar,37.6,22.2477833,88.67345,N22°14.867',E88°40.407',
SOUTH 24 PARGANAS,5,Madarhat,22.05,22.3626667,88.4492833,N22°21.760',E88°26.957',
SOUTH 24 PARGANAS,6,Mahinagar,18.9,22.39493,88.41953,N22.39493°,E88.41953°,
SOUTH 24 PARGANAS,7,Mograhat,18.9,22.2471833,88.3581167,N22°14.831',E88°21.487',
SOUTH 24 PARGANAS,8,Raydighi,18.9,21.9985694,88.3902028,"21°59'54.85""N","88°23'24.73""E",
SOUTH 24 PARGANAS,9,Uttar Laxminarayanpur,12.6,22.066915,88.366884,N22.066915°,E88.366884°,
SOUTH 24 PARGANAS,10,Sonakhali,18.9,22.2060667,88.7142833,N22°12.364',E88°42.857',
SOUTH 24 PARGANAS,11,Gosaba,6.3,22.169246,88.801474,N22.169246,E88.801474,
SOUTH 24 PARGANAS,12,Uttarbhag 33/11,29.9,22.3442833,88.5132833,N22°20.657',E88°30.797',
SOUTH 24 PARGANAS,13,Dighirpar,18.9,22.3008167,88.66805,N22°18.049',E88°40.083',
SOUTH 24 PARGANAS,14,Miyergheri / Jibantala,18.9,22.4178333,88.66855,N22°25.070',E88°40.113',
SOUTH 24 PARGANAS,15,Gangajoara,18.9,22.4711333,88.43925,N22°28.268',E88°26.355',
SOUTH 24 PARGANAS,16,Garia,40.0,22.4592,88.3827333,N22°27.552',E88°22.964',
SOUTH 24 PARGANAS,17,Kalikapur,18.9,22.4233333,88.5018,N22°25.4',E88°30.108',
SOUTH 24 PARGANAS,18,Nepalgunj,18.9,22.41175,88.3713833,N22°24.705',E88°22.283',
SOUTH 24 PARGANAS,19,Renia,22.6,22.4558333,88.3520667,N22°27.350',E88°21.124',
SOUTH 24 PARGANAS,20,Narendrapur,20.0,22.4340833,88.4009833,N22°26.045',E88°24.059',
SOUTH 24 PARGANAS,21,Sonarpur,26.3,22.4441167,88.4217,N22°26.647',E88°25.302',
SOUTH 24 PARGANAS,22,Tollygunje,20.0,22.4801833,88.3474333,N22°28.811',E88°20.846',
SOUTH 24 PARGANAS,23,Amtala,27.9,22.3593,88.29285,N22°21.558',E88°17.571',
SOUTH 24 PARGANAS,24,Birlapur,18.9,22.4301,88.1553167,N22°25.806',E88°09.319',
SOUTH 24 PARGANAS,25,Deulberia,12.6,22.3781833,88.2124333,N22°22.691',E88°12.746',
SOUTH 24 PARGANAS,26,Serakol,16.3,22.2990333,88.27215,N22°17.942',E88°16.329',
SOUTH 24 PARGANAS,27,Genex Valley,9.45,22.4491333,88.3015,N22°26.948',E88°18.090',
SOUTH 24 PARGANAS,28,Khariberia,11.3,22.4052752,88.2993369,N22.4052752,E88.2993369,
SOUTH 24 PARGANAS,29,Poita,6.3,22.516756,88.500233,N22.516756°,E88.500233°,
SOUTH 24 PARGANAS,30,Deula,15.75,22.2137333,88.2803167,N22°12.824',E88°16.819',
SOUTH 24 PARGANAS,31,Chandpala,12.6,22.297533,88.170252,N22.297533,E88.170252,
SOUTH 24 PARGANAS,32,Diamond Harbour,12.6,22.1883167,88.1884,N22°11.299',E88°11.304',
SOUTH 24 PARGANAS,33,FSE Z - II,12.6,22.27955,88.1039333,N22°16.773',E88°06.236',
SOUTH 24 PARGANAS,34,FIGC - III,12.6,22.2549,88.0934,N22°15.294',E88°05.604',
SOUTH 24 PARGANAS,35,FIGC - IV,9.45,22.2439333,88.0927667,N22°14.636',E88°05.566',
SOUTH 24 PARGANAS,36,Purba Durgapur,26.3,22.2745833,88.2201,N22°16.475',E88°13.206',
SOUTH 24 PARGANAS,37,Kulpi,15.75,22.1456,88.4232,N22°08.736',E88°25.392',
SOUTH 24 PARGANAS,38,KULPI (SIMULBERIA),12.6,22.1456,88.4232,N22°08.736',E88°25.392',
SOUTH 24 PARGANAS,39,Rudranagar DPS,12.6,21.7264861,88.1046306,"21°43'35.35""N","88° 6'16.67""E",
SOUTH 24 PARGANAS,40,Kakdwip,25.2,21.8997833,88.1915333,N21°53.987',E88°11.492',
SOUTH 24 PARGANAS,41,Namkhana,14.45,21.7694,88.2355,N21°46.164',E88°14.130',
SOUTH 24 PARGANAS,42,Achintyanagar,6.3,21.8167193,88.4379653,N21.8167193,E88.43796529,
SOUTH 24 PARGANAS,43,Dakshin Shibganj,6.3,21.7832642,88.3676393,N21.7832642,E88.36763930,
SOUTH 24 PARGANAS,44,KLC-II,17.6,22.501044,88.514229,22.501044,88.514229,
SOUTH 24 PARGANAS,45,KLC-III,20.0,22.492026,88.518792,22.492026,88.518792,
NORTH 24 PARGANAS,1,M - 1,38.9,22.59255,88.4133694,"22°35'33.18""N","88°24'48.13""E",
NORTH 24 PARGANAS,2,M - 2,29.45,22.5911139,88.4204722,"22°35'28.01""N","88°25'13.70""E",
NORTH 24 PARGANAS,3,M - 3,38.9,22.5703528,88.41295,"22°34'13.27""N","88°24'46.62""E",
NORTH 24 PARGANAS,4,M - 5,38.9,22.5749222,88.4343389,"22°34'29.72""N","88°26'3.62""E",
NORTH 24 PARGANAS,5,Mahisbathan,30.0,22.5755806,88.43465,"22°34'32.09""N","88°26'4.74""E",
NORTH 24 PARGANAS,6,NTAA - 1A,14.3,22.5840444,88.4482194,"22°35'2.56""N","88°26'53.59""E",
NORTH 24 PARGANAS,7,NTAA - 1D,20.0,22.5788972,22.5788972,"22°34'44.03""N","22°34'44.03""N",lon_hemi_label_swapped;lon_duplicate_of_latitude;outside_wb_bbox
NORTH 24 PARGANAS,8,NTAA - 1C,20.0,22.5781861,88.460925,"22°34'41.47""N","88°27'39.33""E",
NORTH 24 PARGANAS,9,NTAA - 1B,23.15,22.5823417,88.4616833,"22°34'56.43""N","88°27'42.06""E",
NORTH 24 PARGANAS,10,NTAA - 1DBPS,6.3,22.5784778,88.4842389,"22°34'42.52""N","88°29'3.26""E",
NORTH 24 PARGANAS,11,S/Lake Housing Complex,20.0,22.5810667,88.4970667,"22°34'51.84""N","88°29'49.44""E",
NORTH 24 PARGANAS,12,B-Switching,6.3,22.5919444,88.4061111,"22°35'31""N","88°24'22""E",
NORTH 24 PARGANAS,13,H-Switching,10.0,22.5836111,88.4161111,"22°35'01""N","88°24'58""E",
NORTH 24 PARGANAS,14,A-13,10.0,22.595,88.4005556,"22°35'42""N","88°24'02""E",
NORTH 24 PARGANAS,15,Bagjola,30.0,22.6038583,88.4213917,"22°36'13.89""N","88°25'17.01""E",
NORTH 24 PARGANAS,16,Bhangar,35.6,22.498425,88.5952444,"22°29'54.33""N","88°35'42.88""E",
NORTH 24 PARGANAS,17,Bisherpara,20.0,22.669225,88.4374278,"22°40'9.21""N","88°26'14.74""E",
NORTH 24 PARGANAS,18,Chandiberia,30.0,22.5971806,88.4393444,"22°35'49.85""N","88°26'21.64""E",
NORTH 24 PARGANAS,19,Mandalgathi,26.3,22.6288,88.4327,"22°37'43.68""N","88°25'57.72""E",
NORTH 24 PARGANAS,20,Minakhan,18.9,22.51185,88.714725,"22°30'42.66""N","88°42'53.01""E",
NORTH 24 PARGANAS,21,Narayanpur,25.2,22.641025,88.4660167,"22°38'27.69""N","88°27'57.66""E",
NORTH 24 PARGANAS,22,Rajarhat,16.3,22.5782917,88.5318028,"22°34'41.85""N","88°31'54.49""E",
NORTH 24 PARGANAS,23,Bengal Unitech / NTAA - 3B,20.0,22.562275,88.48925,"22°33'44.19""N","88°29'21.30""E",
NORTH 24 PARGANAS,24,Sukhobristi /NTAA - 3E,20.0,22.566685,88.514683,22.566685,88.514683,
NORTH 24 PARGANAS,25,Siddha Pyne,20.0,22.635362,88.460226,22.635362,88.460226,
NORTH 24 PARGANAS,26,NTAA - 2B,12.6,22.6113111,88.4729833,"22°36'40.72""N","88°28'22.74""E",
NORTH 24 PARGANAS,27,NTAA - 2C,12.6,22.6261278,88.4653667,"22°37'34.06""N","88°27'55.32""E",
NORTH 24 PARGANAS,28,NTAA - 2D,12.6,22.6274972,88.4598611,"22°37'38.99""N","88°27'35.50""E",
NORTH 24 PARGANAS,29,NTAA - 2E,20.0,22.6194806,88.454275,"22°37'10.13""N","88°27'15.39""E",
NORTH 24 PARGANAS,30,NTAA - 2A,12.6,22.6017083,88.4780556,"22°36'6.15""N","88°28'41.00""E",
NORTH 24 PARGANAS,31,NTAA - 2G,12.6,22.5812556,88.4921361,"22°34'52.52""N","88°29'31.69""E",
NORTH 24 PARGANAS,32,CBD,12.6,22.5917278,88.4793139,"22°35'30.22""N","88°28'45.53""E",
NORTH 24 PARGANAS,33,GHUNI,12.6,22.58813,88.458895,22.58813,88.458895,
NORTH 24 PARGANAS,34,DLF,6.3,22.56716,88.517,22.56716,88.517,
NORTH 24 PARGANAS,35,Old Calcutta,29.9,22.7477,88.3819,N22.7477°,E88.3819°,
NORTH 24 PARGANAS,36,Barrackpur,16.3,22.8396,88.3862,N22.8396°,E88.3862°,
NORTH 24 PARGANAS,37,Belghoria,22.6,22.666,88.3994,N22.666°,E88.3994°,
NORTH 24 PARGANAS,38,Ghola - Sodpur,18.9,22.6974,88.4096,N22.6974°,E88.4096°,
NORTH 24 PARGANAS,39,Mohanpur ( KMDA ),12.6,22.7708,88.3909,N22.7708°,E88.3909°,
NORTH 24 PARGANAS,40,Rahara (Dangapara),16.3,22.73202,88.38569,N22.73202°,E88.38569°,
NORTH 24 PARGANAS,41,Sajirhat,26.3,22.7007694,88.4358694,"22°42'2.77""N","88°26'9.13""E",
NORTH 24 PARGANAS,42,Mohanpur (Barrackpore) GIS,12.6,21.8300521,87.3603214,21.83005209,87.36032141,
NORTH 24 PARGANAS,43,Abdalpur,36.3,22.6937,88.4843,N22.6937°,E88.4843°,
NORTH 24 PARGANAS,44,Amdanga,12.6,22.8563,88.5352,N22.8563°,E88.5352°,
NORTH 24 PARGANAS,45,Anantapur,16.3,22.7775,88.4933,N22.7775°,E88.4933°,
NORTH 24 PARGANAS,46,Berachampa,18.9,22.6988,88.6886,N22.6988°,E88.6886°,
NORTH 24 PARGANAS,47,Bira - Joypul,19.45,22.7833,88.5786,N22.7833°,E88.5786°,
NORTH 24 PARGANAS,48,Jeerat,17.6,22.8565,88.5352,N22.8565°,E88.5352°,
NORTH 24 PARGANAS,49,New Barasat,55.2,22.7195,88.4883,N22.7195°,E88.4883°,
NORTH 24 PARGANAS,50,Nilganj,12.6,22.7492,88.4349,N22.7492°,E88.4349°,
NORTH 24 PARGANAS,51,Regent Garment Park,6.3,22.73462,88.46432,N22.73462°,E88.46432°,
NORTH 24 PARGANAS,52,Bagda ( Helencha ),15.75,23.1839,88.8555,N23.1839°,E88.8555°,
NORTH 24 PARGANAS,53,Bongaon,25.2,23.0486,88.8199,N23.0486°,E88.8199°,
NORTH 24 PARGANAS,54,Chandpara,12.6,22.9787,88.7824,N22.9787°,E88.7824°,
NORTH 24 PARGANAS,55,Meherani,6.15,23.191102,88.949048,N-23.191102,E88.949048,
NORTH 24 PARGANAS,56,Gaighata / Jaleswar,18.9,22.9192,88.7198,N22.9192°,E88.7198°,
NORTH 24 PARGANAS,57,Gobardanga,17.6,22.8598,88.771,N22.8598°,E88.771°,
NORTH 24 PARGANAS,58,Banipur,16.3,22.82308,88.64438,N22.82308°,E88.64438°,
NORTH 24 PARGANAS,59,Habra,27.05,22.8285,88.6284,N22.8285°,E88.6284°,
NORTH 24 PARGANAS,60,Banbania,12.6,22.8383333,88.6533333,N22°50'18,E88°39'12,
NORTH 24 PARGANAS,61,Kalyani Spinning Mill,11.3,22.82821,88.82656,N22.82821,E88.82656°,
NORTH 24 PARGANAS,62,Chord Road,32.6,22.8396,88.3861,N22.8396°,E88.3861°,
NORTH 24 PARGANAS,63,Goalaphatak,22.6,22.8963,88.4264,N22.8963°,E88.4264°,
NORTH 24 PARGANAS,64,Gouripur,14.45,22.899,88.4108,N22.899°,E88.4108°,
NORTH 24 PARGANAS,65,Halisahar,17.6,22.948,88.4198,N22.948°,E88.4198°,
NORTH 24 PARGANAS,66,Kanchrapara,30.0,22.9312,88.454,N22.9312°,E88.454°,
NORTH 24 PARGANAS,67,Naihati Jute Mill,8.15,22.9129,88.4041,N22.9129°,E88.4041°,
NORTH 24 PARGANAS,68,Panpur,22.6,22.8619,88.43,N22.8619°,E88.43°,
NORTH 24 PARGANAS,69,Arbelia,22.6,22.6908,88.7627,N22.6908°,E88.7627°,
NORTH 24 PARGANAS,70,Basirhat,18.9,22.6782,88.83705,N22.6782°,E88.83705°,
NORTH 24 PARGANAS,71,Haroa,12.6,22.66105,88.68233,N22.661050°,E88.68233°,
NORTH 24 PARGANAS,72,Hasnabad,12.6,22.5804,88.912,N22.5804°,E88.912°,
NORTH 24 PARGANAS,73,Hingalganj,10.0,22.4578,88.9867,N22.4578°,E88.9867°,
NORTH 24 PARGANAS,74,Serapole,16.3,22.8355,88.8671,N22.8355°,E88.8671°,
NORTH 24 PARGANAS,75,Nazat,11.3,22.3217,88.8359,N22.3217°,E88.8359°,
NORTH 24 PARGANAS,76,SARBERIA,6.3,22.3769211,88.8066101,22.3769211,88.8066101,
NORTH 24 PARGANAS,77,JELIAKHALI,6.3,22.3489,88.8209,22.3489,88.8209,
NORTH 24 PARGANAS,78,Bhaduria,9.45,22.7761,88.752,22.7761,88.752,
HOWRAH,1,Baganda,12.6,22.35472,88.06745,N22.35472,E88.06745,
HOWRAH,2,Bagnan,22.6,22.46703,87.95885,N-22.46703',E-087.95885',
HOWRAH,3,Banitabla,18.9,22.47691,88.09088,N-22.47691',E-088.09088,
HOWRAH,4,Foodpark-I,30.0,22.57089,88.17658,N-22.57089',E-088.17658',
HOWRAH,5,Kalyanpur,12.6,22.508237,87.90493,N-22.508237',E-87.90493',
HOWRAH,6,Mugkalyan,12.6,22.41582,87.97863,N-22.41582,E-087.97863,
HOWRAH,7,Polypark / Foodpark-II,30.0,22.57106,88.1754,N-22.57106',E-088.17540',
HOWRAH,8,Ranihati / Nabaghara,18.9,22.56326,88.15949,N-22.56326',E-088.15949',
HOWRAH,9,Shyampur,22.6,22.3219917,87.9614,"22°19'19.17""N","87°57'41.04""E",
HOWRAH,10,UIGC,27.6,22.4775,88.04256,N-22.47750,E88.04256,
HOWRAH,11,BAROGRAM,12.6,22.515888,88.064736,N-22.515888',E-88.064736',
HOWRAH,12,ISLAMPUR,12.6,22.569378,88.07487,N-22.569378',E-88.074870',
HOWRAH,13,Foundry Park,16.3,22.568407,88.106283,N-22.568407',E-88.106283',
HOWRAH,14,Alampur,22.6,22.58994,88.21694,"N-22.58994 ,",E 88.21694,
HOWRAH,15,Baltikuri,35.2,22.61007,88.30422,N22.61007,E-088.30422,
HOWRAH,16,Kona,35.2,22.63637,88.30185,N22.63637,E088.30185,
HOWRAH,17,Kona Truck Terminal,26.3,22.5946833,88.2670361,"22°35'40.86""N","88°16'1.33""E",
HOWRAH,18,TENTULKULI/LAKSHMANPUR,12.6,22.62575,88.2747778,22037'32.7,88016'29.2,compacted_dms
HOWRAH,19,Liluah,22.6,22.6262,88.32732,N22.62620,E088.32732,
HOWRAH,20,Jangalpur - I,28.9,22.59584,88.21919,N22.59584,E88.21919,
HOWRAH,21,Jangalpur - II,20.0,22.5933333,88.2036111,"22°35'36.00""N","88°12'13.00""E",
HOWRAH,22,Makardah,23.9,22.60622,88.24494,N22.60622,E088.24494,
HOWRAH,23,Munsirhat,25.2,22.65672,88.08643,N22.65672,E088.08643,
HOWRAH,24,Amta / Kalitala,22.05,22.5717,88.0148,22.5717,88.0148,
HOWRAH,25,Sehaguri,12.6,22.59072,87.96715,N22.59072,E087.96715,
HOWRAH,26,Singti / Udaynarayanpur,12.6,22.68884,87.97409,N22.68884,E087.97409,
HOWRAH,27,Gumadangi,11.3,22.64002,88.075433,22.64002,88.075433,
HOWRAH,28,SRIJON LOGISTIC,20.0,22.601403,88.23164,22.601403,88.23164,
HOOGHLY,1,Sheoraphully,22.6,22.7849333,88.3177667,N22°47.096',E88°19.066',
HOOGHLY,2,Raghunathpur,22.6,22.67305,88.3229667,N22°40.383',E88°19.378',
HOOGHLY,3,Dankuni Coal Complex,12.6,22.7120333,88.2797833,N22°42.722',E88°16.787',
HOOGHLY,4,Mother Dairy,10.0,22.683263,88.305107,22.683263N,88.305107E,
HOOGHLY,5,Kalachhara,12.6,22.706565,88.235857,22.706565N,88.235857E,
HOOGHLY,6,Singur,27.6,22.8130667,88.23765,N22°48.784',E88°14.259',
HOOGHLY,7,Kaikala,18.9,22.8390667,88.2151667,N22°50.344',E88°12.910',
HOOGHLY,8,Arambagh / Chandur,28.9,22.9057,87.7729167,N22°54.342',E87°46.375',
HOOGHLY,9,Kamarpukur / Tarui,28.9,22.91875,87.6724167,N22°55.125',E87°40.345',
HOOGHLY,10,Goghat/Lakshmipur,6.3,22.833419,89.766785,N22.833419,E89.766785,
HOOGHLY,11,Champadanga,17.6,22.8409333,87.9757833,N22°50.456',E87°58.547',
HOOGHLY,12,Dihibatpur,12.6,22.8944167,87.9427,N22°53.665',E87°56.562',
HOOGHLY,13,Gourhati,11.3,22.7688,87.8009,N22°46.128',E87°48.054',
HOOGHLY,14,Khanakul,17.6,22.7113667,87.8463333,N22°42.682',E87°50.780',
HOOGHLY,15,Ghogat,12.6,22.8384427,87.7732862,22.83844271,87.77328623,
HOOGHLY,16,Mayapur,22.6,22.8444333,87.86585,N22°50.666',E87°51.951',
HOOGHLY,17,Belmuri,23.9,22.9370167,88.1500333,N22°56.221',E88°09.002',
HOOGHLY,18,Dasghara,12.6,22.9629667,88.0292833,N22°57.778',E88°01.757',
HOOGHLY,19,Harit,12.6,22.9269,88.26745,N22°55.614',E88°16.047',
HOOGHLY,20,Jangipara,14.45,22.7471333,88.0536333,N22°44.828',E88°03.218',
HOOGHLY,21,Seakhala,18.9,22.76155,88.1718333,N22°45.693',E88°10.310',
HOOGHLY,22,Vastara,12.6,23.021572,88.138817,23.021572N,88.138817E,
HOOGHLY,23,Bighati,16.3,22.4904,88.1857,22.4904N,88.1857E,
HOOGHLY,24,Polba,11.3,22.9527,88.3197833,N22°57.162',E88°19.187',
HOOGHLY,25,Chandannagar,20.0,22.8585667,88.3679167,N22°51.514',E88°22.075',
HOOGHLY,26,Kodalia,18.9,22.9077833,88.38355,N22°54.467',E88°23.013',
HOOGHLY,27,Sahagunj,12.6,22.9361,88.3920667,N22°56.166',E88°23.524',
HOOGHLY,28,Taldanga,30.2,22.8811667,88.3786667,N22°52.870',E88°22.720',
HOOGHLY,29,Bansberia,23.9,22.96685,88.4033,N22°58.011',E88°24.198',
HOOGHLY,30,Bainchi / Hatni,16.3,23.1027833,88.1767,N23°06.167',E88°10.602',
HOOGHLY,31,Balagarh,12.6,23.1121667,88.4533,N23°06.730',E88°27.198',
HOOGHLY,32,Inchura,12.6,23.1324,88.3897,N23°07.944',E88°23.382',
HOOGHLY,33,Kalitala,18.9,22.9842333,88.3875167,N22°59.054',E88°23.251',
HOOGHLY,34,Khanyan,10.0,23.0378833,88.3371833,N23°02.273',E88°20.231',
HOOGHLY,35,Pandua,17.6,23.0732,88.2880333,N23°04.392',E88°17.282',
HOOGHLY,36,Talandu AIR (BULK),8.15,23.0245,88.3538,N23°01.470',E88°21.228',
PURBA BURDWAN,1,Kalna,22.6,23.214332,88.34991,N23.214332,E88.34991,
PURBA BURDWAN,2,Baidyapur,17.6,23.16871,88.25989,N23.16871,E88.25989,
PURBA BURDWAN,3,Modhupur,17.6,23.27977,88.26341,N23.27977,E88.26341,
PURBA BURDWAN,4,Kusumgram,25.2,23.39012,88.13831,N23.39012,E88.13831,
PURBA BURDWAN,5,Srirampur,17.6,23.40617,88.34696,N23.40617,E88.34696,
PURBA BURDWAN,6,Nadanghat,14.45,23.37677,88.23601,N23.37677,E88.23601,
PURBA BURDWAN,7,Chhatni,20.6,23.52016,88.25637,N23.52016,E88.25637,
PURBA BURDWAN,8,Seherabazar,24.9,23.11455,87.8062333,N23 06.873,E87 48.374,
PURBA BURDWAN,9,Khandaghosh,18.9,23.22075,87.77293,N23.22075,E87.77293,
PURBA BURDWAN,10,Madhabdihi,20.6,23.0164333,87.85635,N23°00.986',E87°51.381',
PURBA BURDWAN,11,Guskara,23.9,23.4932333,87.7474167,N23°29.594',E87°44.845',
PURBA BURDWAN,12,Orgram,18.9,23.44099,87.7689,N23.44099,E87.76890,
PURBA BURDWAN,13,Bolgona,22.05,23.4590944,87.941025,"23°27'32.74""N","87°56'27.69""E",
PURBA BURDWAN,14,Nashigram,9.45,23.41066,87.99738,N23.41066,E87.99738,
PURBA BURDWAN,15,Ramnagar,12.6,23.7317833,87.2655667,N23 43.907,E87 15.934,
PURBA BURDWAN,16,Narugram,3.15,23.2018333,87.8381667,N23 12.110,E87 50.290,
PURBA BURDWAN,17,Uchalan,3.15,22.9909333,87.7811667,N22 59.456,E87 46.870,
PURBA BURDWAN,18,Golsi,18.9,23.34385,87.68233,N23.34385,E87.68233,
PURBA BURDWAN,19,Kesavpur,3.15,23.57965,87.27825,N23 34.779,E87 16.695,
PURBA BURDWAN,20,Panagarh Industrial Park,3.15,23.434077,87.499108,N23.434077,E87.499108,
PURBA BURDWAN,21,Budbud,15.75,23.4054,87.53586,N23.40540,E87.53586,
PURBA BURDWAN,22,Katwa,18.9,23.6341972,88.1254056,"23°38'3.11""N","88° 7'31.46""E",
PURBA BURDWAN,23,Jaggeswardihi,25.2,23.5652194,88.0269444,"23°33'54.79""N","88° 1'37.00""E",
PURBA BURDWAN,24,Mejhiary,15.75,23.53259,88.14569,23.53259°N,88.14569°E,
PURBA BURDWAN,25,Pachundi,23.9,23.7126917,88.0457167,"23°42'45.69""N","88° 2'44.58""E",
PURBA BURDWAN,26,Kandra,17.45,23.72678,87.98884,23.72678°N,87.98884°E,
PURBA BURDWAN,27,Katwa Road,36.5,23.27349,87.8758,N23.27349,E87.87580,
PURBA BURDWAN,28,Nawabhat,18.9,23.26348,87.83807,N23.26348,E87.83807,
PURBA BURDWAN,29,Sadarghat,22.6,23.21541,87.86388,N23.21541,E87.86388,
PURBA BURDWAN,30,Becharhat,12.6,23.22207,87.89972,N23.22207,E87.89972,
PURBA BURDWAN,31,Power house,16.3,23.246,86.86055,N23 14.760,E86 51.633,
PURBA BURDWAN,32,Memari,25.6,23.18114,88.08732,N23.18114,E88.08732,
PURBA BURDWAN,33,Saktigarh,11.3,23.2015,87.9703667,N23° 12.090',E87° 58.222',
PURBA BURDWAN,34,Jamalpur,25.6,23.0487333,87.9863833,N23° 02.924',E87° 59.183',
PURBA BURDWAN,35,Bagila,12.6,23.14976,88.12688,N23.14976,E88.12688,
PURBA BURDWAN,36,Paharhati,12.6,23.2535833,88.0928167,N23° 15.215',E88° 05.569',
PURBA BURDWAN,37,Hatgobindapur,9.45,23.26535,87.98369,N23.26535,E87.98369,
PASCHIM BURDWAN,1,Bakidanga / Kanyapur-II,35.2,23.68362,87.00191,N23.68362,E87.00191,
PASCHIM BURDWAN,2,Ismile,18.9,23.6723611,86.9574917,"23°40'20.50""N","86°57'26.97""E",
PASCHIM BURDWAN,3,Murgasol,16.3,23.6806667,86.99215,N23 40.840,E86 59.529,
PASCHIM BURDWAN,4,Kuilapur,16.3,23.6544444,86.9062083,"23°39'16.00""N","86°54'22.35""E",
PASCHIM BURDWAN,5,Niyamatpur,22.6,23.7218417,86.8634583,"23°43'18.63""N","86°51'48.45""E",
PASCHIM BURDWAN,6,Dendua,17.6,23.7809694,86.8678639,"23°46'51.49""N","86°52'4.31""E",
PASCHIM BURDWAN,7,Dabour,12.6,23.8048722,86.9185778,"23°48'17.54""N","86°55'6.88""E",
PASCHIM BURDWAN,8,Domohani,12.6,23.7586361,87.0211667,"23°45'31.09""N","87° 1'16.20""E",
PASCHIM BURDWAN,9,Mangalpur,26.3,23.6148361,87.1443361,"23°36'53.41""N","87° 8'39.61""E",
PASCHIM BURDWAN,10,Raniganj,20.0,23.617201,87.113274,N23.6172010,E87.1132740,
PASCHIM BURDWAN,11,Kanyapur,32.6,23.7059833,86.9529306,"23°42'21.54""N","86°57'10.55""E",
PASCHIM BURDWAN,12,Bhringi,25.2,23.54664,87.27319,N23.54664,E87.27319,
PASCHIM BURDWAN,13,Lachipur,28.9,23.60374,87.17873,N23.60374,E87.17873,
PASCHIM BURDWAN,14,Pandabeswar,23.9,23.71484,87.26994,N23.71484,E87.26994,
PASCHIM BURDWAN,15,Rajbandh,17.6,22.4767333,88.3948833,N22°28.604',E88°23.693',
PASCHIM BURDWAN,16,Raghunathpur,9.45,23.5601833,87.4953833,N23 33.611,E87 29.723,
PASCHIM BURDWAN,17,Jamuria,16.3,23.7059,87.0772333,N23 42.354,E87 4.634,
PASCHIM BURDWAN,18,Kalikapur,6.3,23.62325,87.3295167,N23 37.395,E87 19.771,
BIRBHUM,1,KHOYRASOL,6.3,23.7925667,87.2711333,N23°47.554',E087°16.268',
BIRBHUM,2,DUBRAJPUR,15.75,23.7913333,87.38925,N23°47.480',E087°23.355',
BIRBHUM,3,BHIMGARH,6.0,23.74365,87.2809333,N23°44.619',E087°16.856',
BIRBHUM,4,SURI,23.9,23.91745,87.51515,N23°55.047',E087°30.909',
BIRBHUM,5,ABDERPUR,12.6,23.8788333,87.5132167,N23°52.730',E087°30.793',
BIRBHUM,6,PANRUI,12.6,23.7833667,87.60095,N23°47.002',E087°36.057',
BIRBHUM,7,BAKRESWAR,6.3,23.83074,87.454958,N23.83074°,E087.454958°,
BIRBHUM,8,RAJNAGAR,6.3,23.94025,87.3232667,N23°56.415',E087°19.396',
BIRBHUM,9,PANCHAMI,25.2,24.0607667,87.61985,N24°03.646',E087°37.191',
BIRBHUM,10,MOHAMMED BAZAR,12.6,23.97895,87.5989833,N23°58.737',E087°35.939',
BIRBHUM,11,MASSANJORE,5.0,24.16495,87.4850833,N24°09.897',E087°29.105',
BIRBHUM,12,PURANDARPUR,12.6,23.8443167,87.5945333,N23°50.659',E087°35.672',
BIRBHUM,13,RAMPURHAT,16.3,24.1664833,87.7859833,N24°09.989',E087°47.159',
BIRBHUM,14,NALHATI,30.05,24.2800167,87.8398667,N24°16.801',E087°50.392',
BIRBHUM,15,BHADRAPUR,21.9,24.2974667,87.88595,N24°17.848',E087°53.157',
BIRBHUM,16,MURAROI,27.6,24.42274,87.86118,N24.42274°,E087.86118°,
BIRBHUM,17,RAJGRAM,6.3,24.8617617,88.4200167,N 24°51.7057',E 87°85.201',lon_minutes_ge_60
BIRBHUM,18,PAIKAR,18.9,24.4235333,87.9160167,N24°25.412',E087°54.961',
BIRBHUM,19,KANDURI / KHARBONA,15.75,24.1595167,87.74355,N24°09.571',E087°44.613',
BIRBHUM,20,MOLLARPUR,18.9,24.0751167,87.7299333,N24°04.507',E087°43.796',
BIRBHUM,21,KOTASUR,18.9,23.9645667,87.7485,N23°57.874',E087°44.910',
BIRBHUM,22,MARGRAM,12.6,24.1395167,87.86515,N 24°08.371',E 87°51.909',
BIRBHUM,23,BOLPUR,18.9,23.6693333,87.6982167,N23°40.160',E087°41.893',
BIRBHUM,24,MOLDANGA,12.6,23.66905,87.6464333,23.66905,87.64643333,
BIRBHUM,25,KHUJUTIPARA,22.6,23.60825,87.8915,N23°36.495',E087°53.490',
BIRBHUM,26,AHMEDPUR,15.6,23.82945,87.6948667,N23°49.767',E087°41.692',
BIRBHUM,27,LAVPUR,18.9,23.8152833,87.8173,N23°48.917',E087°49.038',
BIRBHUM,28,KIRNAHAR,17.6,23.7663,87.8810667,N23°45.978',E087°52.864',
BIRBHUM,29,ILLAMBAJAR,18.9,23.63466,87.55069,N23.63466°,E87.55069°,
BIRBHUM,30,NANOOR,12.6,23.7035,87.856413,N23.70350°,E087.856413°,
BIRBHUM,31,JOYDEV,8.15,23.723861,87.4308008,N23.7238610,E087.4308008,
JHARGRAM,1,Nayagram,12.6,22.0102,87.1393667,N22°00.612',E087°08.362',
JHARGRAM,2,Sankrail,12.6,22.2105333,87.1356833,N22°12.632',E087°08.141',
JHARGRAM,3,Jhargram,18.9,22.44805,87.0022667,N22°26.883',E087°00.136',
JHARGRAM,4,Belpahari,12.6,22.6294333,86.7692,N22°37.766',E086°46.152',
JHARGRAM,5,Boria,6.15,22.3937333,87.0155667,N22°23.624',E087°00.934',
JHARGRAM,6,Binpur,18.9,22.5739667,86.92115,N22°34.438',E086°55.269',
JHARGRAM,7,Chingra,15.75,22.3014167,86.91045,N22°18.085',E086°54.627',
JHARGRAM,8,Chilkigarh / Jamboni,12.6,22.4484833,86.8725667,N22°26.909',E086°52.354',
JHARGRAM,9,Gopiballavpur,12.45,22.2068833,86.8954167,N22°12.413',E086°53.725',
JHARGRAM,10,Manikpara,21.3,22.35995,87.1196333,N22°21.597',E087°07.178',
EAST MIDNAPUR,1,Kultalia / Mukundapur,9.45,21.81615,87.8424667,N21°48.969',E087°50.548',
EAST MIDNAPUR,2,Digha,16.3,21.6322667,87.5215333,N21°37.936',E087°31.292',
EAST MIDNAPUR,3,Ramnagar,17.6,21.6828833,87.5626,N21°40.973',E087°33.756',
EAST MIDNAPUR,4,Kharipukuria,11.3,21.8943333,87.76315,N21°53.660',E087°45.789',
EAST MIDNAPUR,5,Henria,12.6,21.9687667,87.80965,N21°58.126',E087°48.579',
EAST MIDNAPUR,6,Malda Bazar,12.6,21.9187333,87.9197833,N21°55.124',E087°55.187',
EAST MIDNAPUR,7,Jinandipur,9.45,21.72325,87.6320667,N21°43.395',E087°37.924',
EAST MIDNAPUR,8,Udbadal / Sanktia,9.45,22.0000667,87.71,N22°00.004',E087°42.600',
EAST MIDNAPUR,9,Purusottampur / Egra OLD,22.6,21.9089333,87.52825,N21°54.536',E087°31.695',
EAST MIDNAPUR,10,Patashpur,28.9,22.0479,87.5835167,N22°02.874',E087°35.011',
EAST MIDNAPUR,11,Baranalgaria,12.6,21.8424667,87.6192833,N21°50.548',E087°37.157',
EAST MIDNAPUR,12,Bhagawanpur,23.9,22.0806833,87.7098,N22°4.841',E87°42.588',
EAST MIDNAPUR,13,South Khanda / PRATAPDIGHI,12.6,21.8416667,87.7433333,N21°50.500',E087°44.600',
EAST MIDNAPUR,14,Amtalya / Nandigram / Tengua,15.75,22.0236667,88.97195,N22°01.420',E088°58.317',
EAST MIDNAPUR,15,Basudebpur,12.6,22.0889667,88.1549167,N22°05.338',E088°09.295',
EAST MIDNAPUR,16,Chaitanyapur,15.75,22.1366333,88.0878167,N22°08.198',E088°05.269',
EAST MIDNAPUR,17,Chandipur,12.6,22.1022833,87.8643167,N22°06.137',E087°51.859',
EAST MIDNAPUR,18,Dighasipur,12.6,22.0714167,88.0623167,N22°04.285',E088°03.739',
EAST MIDNAPUR,19,Gopalpur / Mahishadal,18.9,22.1868167,87.9654,N22°11.209',E087°57.924',
EAST MIDNAPUR,20,Khudiramnagar,12.6,22.04595,88.0576,N22°02.757',E088°03.456',
EAST MIDNAPUR,21,Medical College,6.3,22.0621333,88.0420667,N22°03.728',E088°02.524',
EAST MIDNAPUR,22,Reyapara,17.6,22.0446667,87.9033,N22°02.680',E087°54.198',
EAST MIDNAPUR,23,Tamluk,17.6,22.2875333,87.9170667,N22°17.252',E087°55.024',
EAST MIDNAPUR,24,Moyna,17.6,22.2504167,87.7838333,N22°15.025',E087°47.030',
EAST MIDNAPUR,25,Gopal Nagar,9.3,22.4869333,87.8602,N22°29.216',E087°51.612',
EAST MIDNAPUR,26,Beraberia,12.6,22.3448667,87.7891833,N22°20.692',E087°47.351',
EAST MIDNAPUR,27,Mechogram,30.2,22.4070167,87.7417833,N22°24.421',E087°44.507',
EAST MIDNAPUR,28,Khanchi / Nandakumar / Thekuachak,12.6,22.3727,88.5032333,N22°22.362',E087°90.194',lon_minutes_ge_60
EAST MIDNAPUR,29,Ratulia,12.6,22.6637833,88.1576333,N22°39.827',E087°69.458',lon_minutes_ge_60
EAST MIDNAPUR,30,Nimtouri,6.3,22.265,87.8984833,N22°15.900',E087°53.909',
EAST MIDNAPUR,31,Kanktia / Sahid Matangini,12.6,22.3598167,87.89225,N22°21.589',E087°53.535',
WEST MIDNAPUR,1,Gopali,16.3,22.2841167,87.3082667,N22°17.047',E087°18.496',
WEST MIDNAPUR,2,Jharia,18.9,22.3651,87.3296667,N22°21.906',E087°19.780',
WEST MIDNAPUR,3,Gokulpur,6.15,22.3803,87.2805333,N22°22.818',E087°16.832',
WEST MIDNAPUR,4,Madpur,23.9,22.3724833,87.4398833,N22°22.349',E087°26.393',
WEST MIDNAPUR,5,Nimpura,16.3,22.3375833,87.2596333,N22°20.255',E087°15.578',
WEST MIDNAPUR,6,Debra,30.75,22.3940833,87.5658333,N22°23.645',E087°33.950',
WEST MIDNAPUR,7,Karanda,12.6,22.4947167,87.6591,N22°29.683',E087°39.546',
WEST MIDNAPUR,8,Pingla,20.0,22.2890833,87.5871833,N22°17.345',E087°35.231',
WEST MIDNAPUR,9,Sabong,25.2,22.2121167,87.5753333,N22°12.727',E087°34.520',
WEST MIDNAPUR,10,VID-PARK,10.0,22.60505,87.5979333,N22°36.303',E087°35.876',
WEST MIDNAPUR,11,Shyanchak,12.6,22.6001333,87.4722667,N22°36.008',E087°28.336',
WEST MIDNAPUR,12,Kalua Brindawan,12.6,22.56325,87.98405,N22°33.795',E087°59.043',
WEST MIDNAPUR,13,Nimpura-II,6.3,22.5665167,87.4293833,N22°33.991',E087°25.763',
WEST MIDNAPUR,14,Boro Uddhabpur,12.6,22.353,88.12085,N22°21.180',E087°67.251',lon_minutes_ge_60
WEST MIDNAPUR,15,Belda,32.6,22.0702667,87.34945,N22°04.216',E087°20.967',
WEST MIDNAPUR,16,Sarashanka / Datan,18.9,22.9311167,87.3155333,N22°55.867',E087°18.932',
WEST MIDNAPUR,17,Keshiary,25.2,22.1094333,87.2714833,N22°06.566',E087°16.289',
WEST MIDNAPUR,18,Khandrui / Khakurdaha,22.05,21.9675,87.415,N21.9675°,E87.415°,
WEST MIDNAPUR,19,Mohonpur,22.05,21.83005,87.3592167,N21°49.803',E087°21.553',
WEST MIDNAPUR,20,Narayangarh,27.6,22.1808,87.3877833,N22°10.848',E087°23.267',
WEST MIDNAPUR,21,Rangamati,22.05,22.4267667,87.2986667,N22°25.606',E087°17.920',
WEST MIDNAPUR,22,Jayshree,15.0,22.43305,87.3029667,N22°25.983',E087°18.178',
WEST MIDNAPUR,23,Midnapur Police Line,12.6,22.428617,87.3162858,22.42861703,87.31628578,
WEST MIDNAPUR,24,Dharma,18.9,22.430467,87.350295,N22.430467,E87.350295,
WEST MIDNAPUR,25,Keshpur,31.9,22.5361667,87.4461167,N22°32.170',E087°26.767',
WEST MIDNAPUR,26,Salboni,27.05,22.57195,87.3299167,N22°34.317',E087°19.795',
WEST MIDNAPUR,27,C.K.Road,22.6,22.7343667,87.3410667,N22°44.062',E087°20.464',
WEST MIDNAPUR,28,Goaltore,22.05,22.81245,87.16575,N22°48.747',E087°09.945',
WEST MIDNAPUR,29,Garbeta,35.2,22.8415667,87.3439333,N22°50.494',E087°20.636',
WEST MIDNAPUR,30,Fulberia,12.6,22.901451,87.447255,N22.901451,E87.447255,
WEST MIDNAPUR,31,Pirkata,12.6,22.544601,87.21505,N22.544601,E87.21505,
WEST MIDNAPUR,32,Khasjungle,12.6,22.455699,87.321893,N22.455699,E87.321893,
WEST MIDNAPUR,33,Sreenagar,18.9,22.80865,87.5834,N22°48.519',E087°35.004',
WEST MIDNAPUR,34,Khirpai,28.9,22.7162,87.6104333,N22°42.972',E087°36.626',
WEST MIDNAPUR,35,CK Town,32.6,22.7278667,87.5144,N22°43.672',E087°30.864',
WEST MIDNAPUR,36,Kuthighat,12.6,23.2311111,88.1608333,N22°60'832'',E087°61'519'',minutes_ge_60;seconds_ge_60
WEST MIDNAPUR,37,Nirmal Bazaar,18.75,22.66995,87.6935167,N22°40.197',E087°41.611',
WEST MIDNAPUR,38,Sultannagar / Daspur,25.2,22.5569333,87.725,N22°33.416',E087°43.500',
WEST MIDNAPUR,39,Bhuniara,12.6,22.5663167,87.8228667,N22°33.979',E087°49.372',
BANKURA,1,KENDUADIHI / BANKURA,20.75,23.2458556,87.0419778,N23°14' 45.08'',E87°2' 31.12,
BANKURA,2,PATPUR,12.6,23.3869194,87.1090111,N23°22' 72.91'',E87°06' 32.44,seconds_ge_60
BANKURA,3,SALTORA II NEW,6.15,23.5312333,86.9673028,"23°31'52.44""N","86°58'2.29""E",
BANKURA,4,SALTORA I,6.15,23.4349694,86.8954389,N23°26' 5.89'',E86°53' 43.58,
BANKURA,5,CHHATNA,9.45,23.320325,86.9497306,N23°19' 13.17'',E86°56' 59.03,
BANKURA,6,MANJURIA,9.45,23.3443194,87.0690472,N23°19' 99.55'',E87°04' 08.57,seconds_ge_60
BANKURA,7,BELIATORE,6.0,23.318375,87.2176444,N23°19' 6.15'',E87°13' 3.52,
BANKURA,8,BARJORA,11.3,23.4434333,87.2919083,N23°26' 36.36'',E87°17' 30.87,
BANKURA,9,NANDANPUR,18.9,23.5111444,87.1328639,N23°30' 40.12'',E87°7' 58.31,
BANKURA,10,GANGAJALGHATI,6.3,23.4063639,87.1035389,N23°24' 22.91'',E87°6' 12.74,
BANKURA,11,KHATRA,9.3,22.9753,86.84932,N22.97530°,E86.84932°,
BANKURA,12,INDPUR,9.45,23.1524028,86.7809694,N23°9' 8.65'',E86°46' 51.49,
BANKURA,13,RANIBANDH,6.3,22.882375,86.7809694,N22°52' 56.55'',E86°46' 51.49,
BANKURA,14,SIMLAPAL,8.0,22.9229917,87.0774917,N22°55' 22.77'',E87°4' 38.97,
BANKURA,15,TALDANGRA,8.15,22.9934,87.1316,N22.9934,E87.1316,
BANKURA,16,RAIPUR,12.6,22.7930028,86.9395444,N22°47' 34.81'',E86°56' 22.36,
BANKURA,17,SARENGA,9.45,22.7592306,86.9945944,N22°45' 33.23'',E86°59' 40.54,
BANKURA,18,AMJHURI / HIRBANDH,6.3,23.06255,86.8135,N23.06255°,E86.8135°,
BANKURA,19,BANKADAHA,6.3,22.9637,87.3505,N22.9637,E87.3505,
BANKURA,20,ONDA / KALISEN,9.45,23.1846,87.1558,N23.1846,E87.1558,
BANKURA,21,JOYPUR,18.9,23.0491556,87.4391833,N23°2' 56.96'',E87°26' 21.06,
BANKURA,22,KOTULPUR,23.9,23.0215194,87.57875,N23°1' 17.47'',E87°34' 43.50,
BANKURA,23,JOYRAMBATI,18.9,22.9371583,87.5870361,N22°56' 13.77'',E87°35' 13.33,
BANKURA,24,SONAMUKHI,15.75,23.3016222,87.4105222,N23°18' 5.84'',E87°24' 37.88,
BANKURA,25,INDAS,25.2,23.1492806,87.6336722,N23°8' 57.41'',E87°38' 1.22,
BANKURA,26,RASULPUR,12.6,23.1902778,87.6083333,N23°11' 25.00'',E87°36' 30.00,
BANKURA,27,PATRASAYAR,19.45,23.2036944,87.5280917,N23°12' 13.30'',E87°31' 41.13,
PURULIA,1,Tamna,6.3,23.272181,86.3538319,23.27218096,86.35383187,
PURULIA,2,Arsha,6.0,23.32562,86.15623,N23.32562°,E86.15623°,
PURULIA,3,Jhalda,14.2,23.3649,85.98437,N23.36490°,E85.98437°,
PURULIA,4,Joypur,6.3,23.41102,86.19597,N23.41102°,E86.19597°,
PURULIA,5,Balarampur,9.45,23.10528,86.22947,N23.10528°,E86.22947°,
PURULIA,6,Barabazar,6.45,23.04414,86.36013,N23.04414°,E86.36013°,
PURULIA,7,Bagmundi,6.3,23.19005,86.05402,N23.19005°,E86.05402°,
PURULIA,8,Bundwan,6.3,22.88819,86.48401,N22.88819°,E86.48401°,
PURULIA,9,Jhalda-II,6.3,23.40384,86.06539,N23.40384°,E86.06539°,
PURULIA,10,Raghunathpur,9.3,23.53419,86.66254,N23.53419°,E86.66254°,
PURULIA,11,Gobag,12.6,23.5298111,86.5376361,"23°31'47.32""N","86°32'15.49""E",
PURULIA,12,Bhojudih,8.0,23.61702,86.48065,N23.61702°,E86.48065°,
PURULIA,13,Adra,6.3,23.4925,86.66475,N23.49250°,E86.66475°,
PURULIA,14,Anara,9.45,23.49101,86.56463,N23.49101°,E86.56463°,
PURULIA,15,Kashipur,6.3,23.43953,86.69658,N23.43953°,E86.69658°,
PURULIA,16,Hura,6.3,23.30322,86.63084,N23.30322°,E86.63084°,
PURULIA,17,Puncha,6.3,23.17451,86.67214,N23.17451°,E86.67214°,
PURULIA,18,Manbazar,6.3,23.03975,86.59492,N23.03975°,E86.59492°,
PURULIA,19,Kenda,12.6,23.19468,86.52259,23.19468,86.52259,
PURULIA,20,Sarbari,6.3,23.65679,86.79884,23.65679,86.79884,
PURULIA,21,Santuri,6.3,23.52677,86.85072,N23.52677°,E86.85072°,
PURULIA,22,Domurkhola,6.3,23.54541,86.67193,23.54541,86.67193,
PURULIA,23,Boro / Manbazar - II,6.3,22.934,86.64713,N22.93400°,E86.64713°,
PURULIA,24,Murulhar,6.3,23.40384,86.06539,N23.40384,E86.06539,
NADIA,1,ANULIA,18.9,23.1626167,88.5575,N23°09.757',E88°33.450',
NADIA,2,CHAKDAHA,27.6,23.0818667,88.5462,N23°04.912',E88°32.772',
NADIA,3,GANGNAPUR,12.6,23.1147,88.626,N23°06.882',E88°37.560',
NADIA,4,GOTERA (SIMURALI),12.6,23.0275,88.58725,N23°01.650',E88°35.235',
NADIA,5,HARINGHATA,8.15,22.95769,88.5229,22.95769°N,E88.52290°,
NADIA,6,SUBARNAPUR,22.6,22.9561167,88.5728,N22°57.367',E88°34.368',
NADIA,7,WBIDC PH-II,11.3,23.97145,88.4835167,N23°58.287',E88°29.011',
NADIA,8,WBIDC PH-III,12.6,22.9571,88.45155,N22°57.426',E88°27.093',
NADIA,9,UNIVERSITY GATE,14.45,22.97973,88.44801,N22.97973°,E88.44801°,
NADIA,10,ARANGHATA,17.6,23.2415333,88.61975,N23°14.492',E88°37.185',
NADIA,11,Birnagar,12.6,22.9471111,88.6614167,"22°56'49.6""N","88°39'41.1""E",
NADIA,12,FULIA,12.6,23.23755,88.4917333,N23°14.253',E88°29.504',
NADIA,13,NABADWIP,12.6,23.4019333,88.358,N23°24.116',E88°21.480',
NADIA,14,BADKULLA,12.6,23.3005333,88.5371333,N23°18.032',E88°32.228',
NADIA,15,KRISHNAGANJ,12.6,23.4174,88.69125,N23°25.044',E88°41.475',
NADIA,16,KRISHNANAGAR,25.2,23.3972667,88.474,N23°23.836',E88°28.440',
NADIA,17,KRISHNANAGAR POWER HOUSE,30.0,23.4032167,88.4902167,N23°24.193,E88°29.413,
NADIA,18,SANTIPUR,25.2,23.2628611,88.4353889,N23°15'46.3,E88°26'07.4,
NADIA,19,TEHATTA,17.6,23.7377333,88.5266167,N23°44.264',E88°31.597',
NADIA,20,KARIMPUR,22.05,23.9778167,88.6231667,N23°58.669',E88°37.390',
NADIA,21,NAKASHIPARA,20.75,23.5989667,88.3709667,N23°35.938',E88°22.258',
NADIA,22,PALASSY,9.45,23.7913,88.2510833,N23°47.478',E88°15.065',
NADIA,23,DHUBULIA,15.6,23.5036667,88.4480333,N23°30.220',E88°26.882',
NADIA,24,CHAPRA,20.6,23.5270333,88.5622833,N23°31.622',E88°33.737',
NADIA,25,AKANDABERIA,12.6,23.6706,88.17755,N23°40.236',E88°10.653',
NADIA,26,RADHANAGAR,12.6,23.8034167,88.4783333,N23°48.205',E88°28.700',
NADIA,27,NAZIRPUR,12.6,23.5270333,88.5622833,N23°31.622',E88°33.737',
MURSHIDABAD,1,BERHAMPORE,38.9,24.0828333,88.2711333,N24°04.970',E88°16.268',
MURSHIDABAD,2,CHOA,15.75,24.0389167,88.4299167,N24°02.335',E88°25.795',
MURSHIDABAD,3,BELDANGA,23.9,23.9391,88.2314667,N23°56.346',E88°13.888',
MURSHIDABAD,4,REJINAGAR,9.45,23.8381833,88.2469,N23°50.291',E88°14.814',
MURSHIDABAD,5,GAR-BERHAMPORE,26.3,24.0963667,88.2617167,N24°05.782',E88°15.703',
MURSHIDABAD,6,REJINAGAR IE,6.3,23.83372,88.25377,N23.83372,E88.25377,
MURSHIDABAD,7,DOULATABAD,15.6,24.1441667,88.3770167,N24°08.650',E88°22.621',
MURSHIDABAD,8,RANINAGAR,16.3,24.2141,88.5487667,N24°12.846',E88°32.926',
MURSHIDABAD,9,JALANGI,17.6,24.1210667,88.6642833,N24°07.264',E88°39.857',
MURSHIDABAD,10,ISLAMPUR,12.6,24.16429,88.48428,24.16429,88.48428,
MURSHIDABAD,11,DOMKAL,20.6,24.1205333,88.5434167,N24°07.232',E88°32.605',
MURSHIDABAD,12,LALBAGH,16.3,24.1947833,88.2839833,N24°11.687',E88°17.039',
MURSHIDABAD,13,JIAGANJ,18.9,24.2509333,88.27825,N24°15.056',E88°16.695',
MURSHIDABAD,14,KISHOREPUR / Panchgram-II,6.0,24.3211333,88.0636167,N24°19.268',E88°03.817',
MURSHIDABAD,15,NABAGRAM,29.9,24.1829,88.0937167,N24°10.974',E88°05.623',
MURSHIDABAD,16,LALGOLA,23.9,24.4072667,88.2541,N24°24.436',E88°15.246',
MURSHIDABAD,17,Ajimganj,12.6,24.3672667,88.4203833,N24°22.036',E88°25.223',
MURSHIDABAD,18,BHAGABANGOLA (NASHIPUR),12.45,24.3045,88.362,N24°18.270',E88°21.720',
MURSHIDABAD,19,RAGHUNATHGANJ,34.45,24.4548694,88.0370194,"24°27'17.53""N","88° 2'13.27""E",
MURSHIDABAD,20,DAFAHAT (AURANGABAD),22.05,24.623,88.0060167,N24°37.380',E88°00.361',
MURSHIDABAD,21,DHULIAN,22.05,24.6374,87.9212,N24°38.244',E87°55.272',
MURSHIDABAD,22,FARAKKA,18.75,24.8043167,87.91745,N24°48.259',E87°55.047',
MURSHIDABAD,23,SAGARDIGHI PDCL,18.9,24.3680833,88.1135,N24°22.085',E88°06.810',
MURSHIDABAD,24,SAGARDIGHI,28.2,24.2806667,88.0941333,N24°16.840',E88°05.648',
MURSHIDABAD,25,JANGIPUR MEGA FOOD PARK,20.0,24.4003833,88.0396333,N24°24.023',E88°02.378',
MURSHIDABAD,26,KANDI,22.6,23.9528833,88.0352333,N23°57.173',E88°02.114',
MURSHIDABAD,27,KULI,25.2,23.9692,87.964,N23°58.152',E87°57.840',
MURSHIDABAD,28,SALAR,23.9,23.77875,88.1044833,N23°46.725',E88°06.269',
MURSHIDABAD,29,BHABANINAGAR,25.2,24.1159,87.9972,N24°06.954',E87°59.832',
MURSHIDABAD,30,SHAKTIPUR,12.6,23.87155,88.1870667,N23°52.293',E88°11.224',
MURSHIDABAD,31,GOALJAN,18.9,24.1076167,88.2344333,N24°06.457',E88°14.066',
MURSHIDABAD,32,BHARATPUR,12.6,24.4729833,88.13995,N23°88.379',E88°08.397',minutes_ge_60
MURSHIDABAD,33,Panchtupi,12.6,24.58325,88.0535833,N23°94.995',E88°03.215',minutes_ge_60
MURSHIDABAD,34,GOKARNA,26.3,24.0741667,88.2005,N24°04.45',E88°12.03',
MALDA,1,NARAYANAPUR,22.6,25.0690667,88.1418,N25°04.144',E88°08.508',
MALDA,2,HABIBPUR,16.3,25.0166667,88.2873833,N25°01.000',E88°17.243',
MALDA,3,MANIKCHAK,20.75,25.0774,87.9028167,N25°04.644',E87°54.169',
MALDA,4,RABINDRABHAVAN,22.6,24.9807167,88.1399333,N24°58.843',E88°08.396',
MALDA,5,ENGLISH BAZAR,20.0,25.0011944,88.1395833,"25°00'04.3""N","88°08'22.5""E",
MALDA,6,KALIACHAK,28.2,24.9782,88.0179167,N24°58.692',E88°01.075',
MALDA,7,MALDA KPS,28.2,25.0371833,88.1249167,N25°02.231',E88°07.495',
MALDA,8,BAISHNABNAGAR,22.6,24.8044333,87.9902833,N24°48.266',E87°59.417',
MALDA,9,Mothabari,12.6,24.966803,88.01691,N24.966803,E88.01691,
MALDA,10,Sujapur,12.6,24.9213056,88.0944444,"24°55'16.7""N","88°05'40.0""E",
MALDA,11,CHANCHAL,26.3,25.3929833,88.0097333,N25°23.579',E88°00.584',
MALDA,12,SHIBNAGAR,9.3,25.1807667,88.0331333,N25°10.846',E88°01.988',
MALDA,13,BAMONGOLA (GURNAGAR),9.45,25.1454667,88.3729333,N25°08.728',E88°22.376',
MALDA,14,GAZOL,22.6,25.2147333,88.1890333,N25°12.884',E88°11.342',
MALDA,15,HARISCHANDRAPUR,18.75,25.4254333,87.8797667,N25°25.526',E87°52.786',
MALDA,16,RATUA,18.75,25.2104,87.9364,N25°12.624',E87°56.184',
MALDA,17,BHALUKA,12.6,25.2896167,87.8847667,N25°17.377',E87°53.086',
DARJEELING,1,Bijanbari,6.3,27.0500278,88.2617778,N27.05002778°,E88.26177778°,
DARJEELING,2,Happy valley,12.6,27.05728,88.18364,N27.05728°,E88.18364°,
DARJEELING,3,Lebong PH,9.45,26.8807778,88.2785278,N26.88077778°,E88.27852778°,
DARJEELING,4,Lodhama,6.3,27.0519444,88.2750833,N27.05194444°,E88.27508333°,
DARJEELING,5,New Ghoom,12.6,27.0071667,88.2478889,N27.00716667°,E88.24788889°,
DARJEELING,6,Old Ghoom,6.3,27.0085556,88.2553056,N27.00855556°,E88.25530556°,
DARJEELING,7,Pokhriabang,6.3,26.9404972,88.187,"26°56'25.79""N","88°11'13.20""E",
DARJEELING,8,Singamari,6.3,27.0606,88.2565,N27.0606,E88.2565,
DARJEELING,9,Mirik,6.3,26.881811,88.189083,26.881811 N,88.189083 E,
DARJEELING,10,Pankhabari,12.3,26.8756667,88.2707222,N26.87566667°,E88.27072222°,
DARJEELING,11,Fazi,1.5,26.91199,88.248976,26.911990 N,88.248976 E,
DARJEELING,12,Dabgram,15.75,26.66831,88.42267,N26.66831°,E88.42267°,
DARJEELING,13,Deshbandhupara,18.9,26.69402,88.43694,N26.69402°,E88.43694°,
DARJEELING,14,Housing Board,12.6,26.75321,88.4457,N26.75321°,E88.44570°,
DARJEELING,15,Jhankar,18.9,26.71153,88.41778,N26.71153°,E88.41778°,
DARJEELING,16,Rabindranagar,28.9,26.71818,88.45552,N26.71818°,E88.45552°,
DARJEELING,17,Salbari,15.75,26.76789,88.38127,N26.76789°,E88.38127°,
DARJEELING,18,Siliguri,25.2,26.73901,88.43589,N26.73901°,E88.43589°,
DARJEELING,19,Ujanu,23.9,26.73292,88.4043,N26.73292°,E88.4043°,
DARJEELING,20,Bidhannagar,17.6,26.4848,88.23545,N26.48480°,E88.23545°,
DARJEELING,21,Ghospukur,18.9,26.56104,88.26638,N26.56104°,E88.26638°,
DARJEELING,22,Khaparail,18.9,26.73278,88.36258,N26.73278°,E88.36258°,
DARJEELING,23,Hatighisa,12.6,26.683473,88.23351,N26.683473°,E88.23351°,
DARJEELING,24,Kharibari,12.6,26.62794,88.17179,N26.62794°,E88.17179°,
DARJEELING,25,TCF PS I,11.3,26.62275,88.3599444,N26.62275°,E88.35994444,
JALPAIGURI,1,MOHITNAGAR,22.6,26.53725,88.6847778,N26.53725°,E88.68477778°,
JALPAIGURI,2,PAHARPUR,12.6,26.54276,89.184,N26.54276°,E89.18400°,
JALPAIGURI,3,PANDAPARA,12.6,26.5038972,88.7079333,"26°30'14.03""N","88°42'28.56""E",
JALPAIGURI,4,RANINAGAR,12.6,26.53708,88.64554,N26.53708°,E88.64554°,
JALPAIGURI,5,FATAPUKUR,15.75,26.57184,88.54636,N26.57184°,E88.54636°,
JALPAIGURI,6,HALDIBARI,12.6,26.3417167,88.7830667,N26°20.503',E88°46.984',
JALPAIGURI,7,RADHABARI,12.6,26.6239722,88.4508611,N26.62397222°,E88.45086111°,
JALPAIGURI,8,CHANGRABANDHA,9.3,26.4191667,88.9186167,N26°25.150',E88°55.117',
JALPAIGURI,9,MEKHLIGANJ,6.3,26.3576833,88.9060667,N26°21.461',E88°54.364',
JALPAIGURI,10,DHUPGURI,18.9,26.9506333,88.0573167,N26°57038',E88°03439',inferred_decimal_minutes
JALPAIGURI,11,AMBARI FALAKATA,3.15,26.54226,89.18469,N26.54226°,E89.18469°,
JALPAIGURI,12,Fulbari,6.3,26.500086,89.11676,N26.500086°,E89.11676°,
JALPAIGURI,13,GORUBATHAN,6.0,26.95156,88.70506,N26.95156°,E88.70506°,
JALPAIGURI,14,MALBAZAR,12.6,26.85619,88.7428,N26.85619°,E88.74280°,
JALPAIGURI,15,GAJOLDOBA,9.45,26.7425556,88.5670278,"26°44'33.2""N","88°34'01.3""E",
JALPAIGURI,16,LATAGURI,9.45,26.6954167,88.7581667,"26°41'43.5""N","88°45'29.4""E",
ALIPURDUAR,1,KUMARGRAM,9.45,26.6097709,89.8287393,26.6097709 E,89.8287393 N,hemi_label_swapped
ALIPURDUAR,2,FALAKATA,18.9,26.543017,89.183767,26.543017 E,89.183767 N,hemi_label_swapped
ALIPURDUAR,3,KARTIKA,9.45,26.6492723,89.7251832,26.6492723 E,89.7251832 N,hemi_label_swapped
ALIPURDUAR,4,DAMANPUR / NEW ALIPURDUAR,12.6,26.48313,89.567881,26.48313 N,89.567881 E,
COOCHBEHAR,1,COOCHBEHAR (KHAGRABARI),28.9,26.3397833,89.4508833,N26°20.387',E89°27.053',
COOCHBEHAR,2,CHAKCHAKA,12.6,26.3393,89.48155,N26°20.358',E89°28.893',
COOCHBEHAR,3,GHUGUMARI,9.45,26.2862167,89.4650333,N26°17.173',E89°27.902',
COOCHBEHAR,4,BALARAMPUR,12.6,26.23315,89.5724333,N26°13.989',E89°34.346',
COOCHBEHAR,5,DINHATA,28.9,26.1135167,89.46775,N26°06.811',E89°28.065',
COOCHBEHAR,6,BAXIRHAT,9.45,26.3185667,89.74945,N26°19.114',E89°44.967',
COOCHBEHAR,7,TUFANGANJ,15.75,26.308,89.6587333,N26°18.480',E89°39.524',
COOCHBEHAR,8,BAMANHAT,6.3,26.0792333,89.5804667,N26°4.754',E89°34.828',
COOCHBEHAR,9,MATHABHANGA,12.6,26.3420667,89.1953,N26°20.524',E89°11.718',
COOCHBEHAR,10,BHOGRAMGURI,9.45,26.4310167,89.0572833,N26°25.861',E89°03.437',
COOCHBEHAR,11,AKRAHAT,16.3,26.2938167,89.3205667,N26°17.629',E89°19.234',
COOCHBEHAR,12,SITALKUCHI,9.45,26.1612667,89.1919833,N26°09.676',E89°11.519',
COOCHBEHAR,13,SITAI,9.45,26.0829,89.31485,N26°04.974',E89°18.891',
COOCHBEHAR,14,Cooch Behar Power House,20.0,26.3221667,89.4424833,N26°19.330',E89°26.549',
UTTAR DINAJPUR,1,ITAHAR,18.9,25.4544833,88.1749333,N25°27.269',E88°10.496',
UTTAR DINAJPUR,2,KALIAGANJ,18.9,25.6290833,88.3396,N25°37.745',E88°20.376',
UTTAR DINAJPUR,3,RAIGANJ OLD,23.9,25.6314944,88.1365194,"25°37'53.38""N","88° 8'11.47""E",
UTTAR DINAJPUR,4,HEMTABAD,9.45,25.6685833,88.2317167,N25°40.115',E88°13.903',
UTTAR DINAJPUR,5,DURGAPUR,11.15,25.5297333,88.1474333,N25°31.784',E88°8.846',
UTTAR DINAJPUR,6,BIKORE,22.05,25.8412333,87.9290833,N25°50.474',E87°55.745',
UTTAR DINAJPUR,7,ISLAMPUR,22.6,26.2471667,88.1712833,N26°14.830',E88°10.277',
UTTAR DINAJPUR,8,KAHATA,9.45,26.0270833,87.9455167,N26°01.625',E87°56.731',
UTTAR DINAJPUR,9,LODHAN,9.3,26.0745667,88.1112,N26°04.474',E88°06.672',
UTTAR DINAJPUR,10,CHOPRA,22.05,26.3594667,88.3146167,N26°21.568',E88°18.877',
UTTAR DINAJPUR,11,BHOLAGACH,12.6,26.4165833,88.3730333,N26°24.995',E88°22.382',
UTTAR DINAJPUR,12,SRIKRISHNAPUR,12.6,26.2920333,88.2421167,N26°17.522',E88°14.527',
DAKSHIN DINAJPUR,1,BORO-RAGHUNATHPUR,12.6,25.2449667,88.7858167,N25°14.698',E88°47.149',
DAKSHIN DINAJPUR,2,TRIMOHINI,12.6,25.2853333,88.93675,N25°17.120',E88°56.205',
DAKSHIN DINAJPUR,3,MAHIPUR,9.3,25.4078,88.7567333,N25°24.468',E88°45.404',
DAKSHIN DINAJPUR,4,RAMPUR,9.45,25.3482667,88.6291667,N25°20.896',E88°37.750',
DAKSHIN DINAJPUR,5,SALAS,22.6,25.2853333,88.5698667,N25°17.120',E88°34.192',
DAKSHIN DINAJPUR,6,BUNIADPUR,15.75,25.3903167,88.3971667,N25°23.419',E88°23.830',
DAKSHIN DINAJPUR,7,KUSMANDI,9.45,25.5456333,88.36005,N25°32.738',E88°21.603',
DAKSHIN DINAJPUR,8,HARIRAMPUR,9.45,25.405297,88.26512,N25.405297,E88.26512,
DAKSHIN DINAJPUR,9,Thengapara,12.6,25.3699333,88.4606167,N25°22.196',E88°27.637',
